rgbd_BayesianSegnet_mcdo1,rgbd_BayesianSegnet_mcdo10,rgbd_BayesianSegnet_mcdo25,rgbd_BayesianSegnet_mcdo3,rgbd_BayesianSegnet_mcdo5,rgbd_BayesianSegnet_mcdo50
0.7003732919692993,0.7232508659362793,0.7256651520729065,0.7169657945632935,0.7204673290252686,0.7262532711029053
0.5142124891281128,0.5661163330078125,0.5742872953414917,0.5462415814399719,0.5555316805839539,0.5782515406608582
0.38039323687553406,0.45268714427948,0.4656948745250702,0.42283618450164795,0.4374934136867523,0.47244516015052795
0.059725359082221985,0.08630069345235825,0.09231587499380112,0.0752604678273201,0.08043351769447327,0.09583768248558044
0.12537845969200134,0.14910219609737396,0.15472222864627838,0.14022117853164673,0.1443508267402649,0.1592966765165329
0.010013662278652191,0.005352983716875315,0.0051827868446707726,0.00623707752674818,0.005683783441781998,0.005128710530698299
0.7357516288757324,0.7476805448532104,0.7488735914230347,0.7440021634101868,0.7462418079376221,0.7498378157615662
0.36083544684307917,0.3900701087633414,0.3952488291210362,0.3788234925429736,0.3843146227300167,0.39815012245838133
