"Depth Only (Bayesian Segnet, p = 0.1)","Depth Only (Bayesian Segnet, p = 0.5)","RGB Only (Bayesian Segnet, p = 0.1)","RGB Only (Bayesian Segnet, p = 0.5)"
0.6636956930160522,0.581760048866272,0.6272055506706238,0.7145774960517883
0.6250174641609192,0.5636401176452637,0.3797820806503296,0.46484968066215515
0.6600249409675598,0.5770964026451111,0.20718470215797424,0.26064741611480713
0.00548176234588027,0.009588840417563915,0.20718470215797424,0.26064741611480713
0.6600249409675598,0.5770964026451111,0.014120448380708694,0.005567493848502636
0.00548176234588027,0.009588840417563915,0.014120448380708694,0.005567493848502636
0.747992992401123,0.6152504682540894,0.6670739650726318,0.7442529797554016
0.4811027937435678,0.41914587441299644,0.3023816996387073,0.3508728537708521
